{
  "6bb4da4b-7206-465b-81b2-a21dfd5cfb72": {
    "url": "http://192.168.0.101:8000/webhook",
    "secret": "wh_sk_2024_a1b2c3d4e5f6g7h8i9j0k1l2m3n4o5p6q7r8s9t0",
    "enabled": true,
    "timeout": 8,
    "retryCount": 2,
    "messageTypes": [
      "*"
    ],
    "includeSelfMessage": true,
    "lastSendTime": 0,
    "lastSendStatus": false,
    "totalSent": 0,
    "totalFailed": 0,
    "wxId": "wxid_j0n0oq7vxx8k12",
    "useDirectStream": true,
    "independentMode": false
  },
  "default_webhook": {
    "url": "http://localhost:8000/webhook",
    "secret": "your_webhook_secret_here",
    "enabled": true,
    "timeout": 10,
    "retryCount": 3,
    "messageTypes": [
      "*"
    ],
    "includeSelfMessage": false,
    "lastSendTime": 0,
    "lastSendStatus": false,
    "totalSent": 0,
    "totalFailed": 0,
    "wxId": "",
    "useDirectStream": true,
    "independentMode": false
  },
  "wxid_j0n0oq7vxx8k12": {
    "url": "http://192.168.0.101:8000/webhook",
    "secret": "your_secret_key_2024_enhanced_v1",
    "enabled": true,
    "timeout": 10,
    "retryCount": 3,
    "messageTypes": [
      "*"
    ],
    "includeSelfMessage": true,
    "lastSendTime": 1753127762,
    "lastSendStatus": true,
    "totalSent": 5,
    "totalFailed": 0,
    "wxId": "",
    "useDirectStream": true,
    "independentMode": false
  }
}